Xt,Yt,Zt,THETAt,Xf,Yf,Zf,THETAf
-0.6991078147158396,-0.0001921273688153338,0.574,-0.0026652916189513014,-0.713,0.004,0.615,-0.040000000000000036
-0.7011077852566976,-0.0001811491101874216,0.573,-0.002701510609776379,-0.713,0.004,0.615,0.0
-0.7001080679869032,-0.0002935148643635751,0.572,-0.002330798586037349,-0.711,0.005,0.615,0.08000000000000007
-0.700108226586708,0.000634803482136455,0.571,-0.0020943098812383127,-0.712,0.005,0.615,-0.040000000000000036
-0.7001088734927498,0.00010397093930086022,0.57,-0.0003430151484022059,-0.711,0.006,0.615,0.0
-0.7011087210578775,-0.00032127660640479563,0.57,0.0010599381138515368,-0.71,0.006,0.615,0.040000000000000036
-0.7001075888174964,-0.0008885950954065979,0.569,0.0029316077279592256,-0.707,0.006,0.614,0.040000000000000036
-0.7011073926204882,4.682697831757802e-05,0.569,0.003144660615165564,-0.708,0.006,0.614,-0.040000000000000036
-0.7001071565457375,0.0009744997523932323,0.569,0.0033832798488366645,-0.707,0.007,0.612,0.040000000000000036
-0.7001065139273905,0.0017994939464441404,0.57,0.0039606531731658425,-0.706,0.007,0.61,0.0
-0.7031039650958533,0.004271896076101467,0.574,0.005701295261641633,-0.704,0.007,0.608,0.040000000000000036
-0.7031074229271446,0.006056513664572378,0.578,0.003112702682084614,-0.702,0.008,0.607,0.040000000000000036
-0.7031085727583417,0.007560545336677575,0.58,0.0014498248974391373,-0.704,0.008,0.607,-0.08000000000000007
-0.7021088281664952,0.008804327993553702,0.583,0.0006455502482352073,-0.702,0.008,0.607,0.08000000000000007
-0.7001086748189211,0.010362283752820379,0.597,-0.0011952266972275621,-0.704,0.009,0.607,0.0
-0.6991084786703495,0.011500158121273196,0.603,-0.001650094611413096,-0.704,0.009,0.608,0.0
-0.6951078606866323,0.012790436571191437,0.61,-0.00260776733940559,-0.704,0.01,0.609,0.0
-0.6901074189041431,0.01294477789365082,0.627,-0.0031169637398287403,-0.705,0.011,0.613,-0.040000000000000036
-0.6891074489425085,0.013935091206560333,0.635,-0.0030850058067477893,-0.705,0.012,0.616,0.0
-0.6871074648363918,0.013929924973054283,0.6439999999999999,-0.0030679615757712823,-0.705,0.012,0.619,0.0
-0.6751048291825112,0.01656924384360089,0.6659999999999999,-0.005177185159114039,-0.705,0.013,0.628,0.0
-0.6400999361419163,0.018329959391547218,0.724,-0.007686948170404713,-0.701,0.017,0.673,0.08000000000000007
-0.5960970092638,0.019683835937595533,0.7749999999999999,-0.00885447799229545,-0.69,0.021,0.711,0.1200000000000001
-0.5890954760843217,0.019851732318856806,0.7829999999999999,-0.009408415499031934,-0.687,0.021,0.722,0.11999999999999567
-0.5760936692263516,0.020037708825238025,0.7919999999999999,-0.010022007814186188,-0.684,0.022,0.733,0.1200000000000001
-0.5540863521817042,0.020696365943460703,0.8039999999999999,-0.012195147263690847,-0.675,0.023,0.757,0.20000000000000018
-0.5430816917507517,0.02006055728961714,0.8089999999999999,-0.013396765547534599,-0.669,0.024,0.77,0.2400000000000002
-0.5300778630594378,0.019336925561343605,0.814,-0.01430863190477773,-0.667,0.029,0.787,0.08000000000000007
-0.5160704433972653,0.01882766392627254,0.818,-0.015927833847545907,-0.655,0.03,0.809,0.2400000000000002
-0.49805415694921135,0.01876003088557639,0.819,-0.019004317538805444,-0.649,0.031,0.82,0.2400000000000002
-0.48704314821919503,0.018312710780559682,0.818,-0.020828050253291704,-0.642,0.032,0.831,0.28000000000000025
-0.4740408693060374,0.01742117825956932,0.818,-0.021185979103798356,-0.634,0.032,0.841,0.3200000000000003
-0.46203855156938645,0.01652964491594216,0.817,-0.021543907954305004,-0.623,0.033,0.856,0.16000000000000014
-0.4370356282016546,0.013663935806155741,0.814,-0.02198705795969419,-0.612,0.034,0.864,0.4400000000000004
-0.42304758957386757,0.013095773410214513,0.8109999999999999,-0.020112192552278405,-0.603,0.034,0.869,0.3600000000000003
-0.41205523155111123,0.011703212209129493,0.8079999999999999,-0.018816830998063867,-0.597,0.034,0.873,0.2400000000000002
-0.39307556756059003,0.009494479705841784,0.8019999999999999,-0.014828480949561197,-0.588,0.034,0.876,0.3600000000000003
-0.38408682221820506,0.008657621859922061,0.7979999999999999,-0.012067315531367043,-0.565,0.034,0.881,0.5200000000000005
-0.37609346142030464,0.008058372812185485,0.7949999999999999,-0.010090184738092218,-0.554,0.034,0.881,0.43999999999999595
-0.36709900989932964,0.006447488109484534,0.7929999999999999,-0.00807470442512025,-0.531,0.032,0.878,0.4800000000000004
-0.3521041835258672,0.006689357604952211,0.7889999999999999,-0.00557346352931783,-0.519,0.035,0.875,0.4800000000000004
-0.3451060759601092,0.0063064134355131545,0.7879999999999999,-0.004310059908184239,-0.506,0.035,0.871,0.5200000000000005
-0.34210740882256196,0.0029480067891337106,0.7929999999999999,-0.003127616384189057,-0.481,0.029,0.86,0.5200000000000005
-0.3311084706396437,0.0015050014814479463,0.7949999999999999,-0.0016660735779535712,-0.468,0.027,0.855,0.5199999999999982
-0.3271078060926617,0.0018111015308917677,0.7969999999999999,-0.0026759442633116186,-0.456,0.026,0.85,0.4800000000000004
-0.3231078335657562,0.001800769051506858,0.7979999999999999,-0.0026418558013586043,-0.451,0.026,0.844,0.20000000000000018
-0.320104922256123,0.004551162180304002,0.8019999999999999,-0.005117530350696264,-0.425,0.024,0.837,0.5600000000000005
-0.3181043476345891,0.004659652075031479,0.8029999999999999,-0.005475459201202914,-0.415,0.023,0.834,0.40000000000000036
-0.3161040676462342,0.005710022311865898,0.8039999999999999,-0.005641640453223858,-0.404,0.022,0.831,0.43999999999999817
-0.3130997465148379,0.007354498384157204,0.8059999999999999,-0.007767908267543122,-0.393,0.02,0.83,0.4400000000000004
-0.3110993715396725,0.006402284799015864,0.8059999999999999,-0.007925567404075812,-0.379,0.02,0.828,0.2400000000000002
-0.31009775205246143,0.007598595917922589,0.8059999999999999,-0.008573248181183083,-0.369,0.019,0.829,0.40000000000000036
-0.30809605301165777,0.00778973990801321,0.8039999999999999,-0.009203884727313847,-0.356,0.018,0.83,0.20000000000000018
-0.3070941061365191,0.007993797806212937,0.8029999999999999,-0.009877131850885878,-0.349,0.017,0.832,0.28000000000000025
-0.3070965940024416,0.006730330404744184,0.8009999999999999,-0.009007876071084015,-0.345,0.017,0.833,0.16000000000000014
-0.30509848157586117,0.007512064172616816,0.7989999999999999,-0.00828775731232659,-0.334,0.017,0.837,0.20000000000000018
-0.3040974398577132,0.007634758376002665,0.7949999999999999,-0.008692557798018634,-0.334,0.017,0.837,0.20000000000000018
-0.30409810356335953,0.007557267349138086,0.7929999999999999,-0.008436894333371026,-0.325,0.016,0.84,0.20000000000000018
-0.30310020219444517,0.005295088165290446,0.7899999999999999,-0.00757189961131329,-0.324,0.017,0.84,0.040000000000000036
-0.30309888435643767,0.0064629863748786615,0.7879999999999999,-0.008125837118049772,-0.318,0.017,0.841,0.1200000000000001
-0.30210336620218947,0.004830135760383186,0.7839999999999999,-0.006037918823427649,-0.316,0.016,0.84,0.08000000000000007
-0.30210527115017033,0.003481418570738362,0.7829999999999999,-0.004887433232513417,-0.314,0.017,0.838,0.08000000000000007
-0.30110660260463246,0.003177903848965974,0.7819999999999999,-0.003886084662643624,-0.313,0.016,0.837,0.040000000000000036
-0.3011080904099243,0.0016967984279242822,0.7819999999999999,-0.0022988406529563985,-0.31,0.016,0.833,0.040000000000000036
-0.30010879778235694,0.0012381321781060213,0.7819999999999999,-0.0007856325215733753,-0.308,0.016,0.83,0.08000000000000007
-0.29910861086821194,0.002412331835842724,0.7809999999999999,-0.0013603426848124748,-0.306,0.016,0.828,0.08000000000000007
-0.298108020665009,0.002726504329277227,0.7819999999999999,-0.0023968449810713144,-0.305,0.015,0.823,0.040000000000000036
-0.2971073661043144,0.0029615681489828308,0.7839999999999999,-0.0031723574905023885,-0.305,0.014,0.821,0.0
-0.2971077323,0.002838224284761885,0.7839999999999999,-0.002765426475938281,-0.303,0.014,0.818,0.08000000000000007
-0.2961076542359998,0.0028659928115309426,0.7849999999999999,-0.002857039217437007,-0.303,0.013,0.816,0.0
-0.2951066301265335,0.0031708002975933654,0.7859999999999999,-0.0038626488450509274,-0.302,0.013,0.816,0.040000000000000036
-0.2951036129305364,0.004788806433231516,0.7859999999999999,-0.0059015649756155916,-0.301,0.012,0.816,0.040000000000000036
-0.2941007127787633,0.0042266371517635706,0.7849999999999999,-0.007346063550874571,-0.301,0.012,0.817,0.0
-0.29409971639211246,0.004358372960531115,0.7849999999999999,-0.007780691440775501,-0.3,0.011,0.818,0.040000000000000036
-0.293093565499429,0.005048040820482701,0.7839999999999999,-0.010056096276139202,-0.298,0.011,0.821,0.040000000000000036
-0.2920943095400394,0.0049731337754607835,0.7829999999999999,-0.00980895492697985,-0.297,0.01,0.822,0.040000000000000036
-0.29208974221740747,0.005407075371267582,0.7829999999999999,-0.011240670329006448,-0.297,0.01,0.823,0.0
-0.2910850421454162,0.005802266128414798,0.7809999999999999,-0.012544553998709242,-0.296,0.009,0.825,0.0
-0.291082413592459,0.006006316384111396,0.7809999999999999,-0.013217801122281275,-0.295,0.008,0.826,0.040000000000000036
-0.2900809952576422,0.006112215173975752,0.7799999999999999,-0.013567207857299672,-0.295,0.008,0.827,0.0
-0.28907556756059005,0.005494479705841785,0.7789999999999999,-0.014828480949561197,-0.291,0.009,0.826,0.040000000000000036
-0.289075029168832,0.0055306395036048926,0.7789999999999999,-0.014947790566396746,-0.288,0.009,0.825,0.08000000000000007
-0.2890677226751925,0.005995545262791361,0.7789999999999999,-0.016481771354282387,-0.287,0.009,0.824,0.040000000000000036
-0.2880669098225992,0.006044617981624554,0.7789999999999999,-0.016643691548559207,-0.285,0.009,0.824,0.08000000000000007
-0.28806852758191104,0.004946472412984219,0.7779999999999999,-0.01631985116000557,-0.283,0.009,0.824,0.08000000000000007
-0.28706617579816973,0.005088525039035099,0.7779999999999999,-0.016788567511859517,-0.281,0.009,0.822,0.039999999999997815
-0.2870646445417551,0.005178921584614012,0.7789999999999999,-0.017086841553948393,-0.28,0.009,0.821,0.040000000000000036
-0.28706965772801474,0.004876737087846346,0.7789999999999999,-0.016089754041822724,-0.278,0.009,0.819,0.040000000000000036
-0.2870765182439284,0.003429908479614139,0.7799999999999999,-0.01461542806235486,-0.276,0.009,0.818,0.08000000000000007
-0.28707436960744415,0.0035745477427075014,0.7799999999999999,-0.015092666529697058,-0.275,0.009,0.817,0.040000000000000036
-0.2870715867424358,0.0027553453525655048,0.7809999999999999,-0.01568921461387481,-0.274,0.009,0.816,0.040000000000000036
-0.28606473276846983,0.003173756080059627,0.7809999999999999,-0.017069797322971886,-0.272,0.008,0.815,0.040000000000000036
-0.2870598889958213,0.0024501084246503343,0.7819999999999999,-0.017981663680215015,-0.272,0.008,0.815,0.0
-0.28704336323372465,0.0033023805020657325,0.7819999999999999,-0.020793961791338692,-0.269,0.008,0.815,0.040000000000000036
-0.28703562820165457,0.0036639358061557404,0.7819999999999999,-0.02198705795969419,-0.268,0.008,0.815,0.040000000000000036
-0.28604130637793757,0.0014005178503751145,0.7809999999999999,-0.021117802179892328,-0.267,0.008,0.815,0.040000000000000036
-0.2860434706089357,0.0012972153600716895,0.7799999999999999,-0.020776917560362183,-0.267,0.007,0.815,0.0
-0.28603437347735644,0.0017207507903531875,0.7799999999999999,-0.02217454450043577,-0.267,0.006,0.815,0.0
-0.2860271021770092,0.0010409762252404364,0.7789999999999999,-0.02323128682097921,-0.267,0.006,0.815,0.0
-0.2870335694703422,0.0007569056574207762,0.7779999999999999,-0.02229385411727132,-0.266,0.006,0.815,0.040000000000000036
-0.28703574173929886,0.0006587707959468548,0.7779999999999999,-0.021970013728717683,-0.266,0.005,0.815,0.0
-0.28805147412607757,-0.0011005059529375135,0.7769999999999999,-0.019464511775171136,-0.266,0.005,0.814,0.0
-0.28805715808053667,-0.00040009498753693085,0.7759999999999999,-0.018475946378533722,-0.266,0.004,0.813,0.0
-0.2880564878010402,-0.0013639373940695755,0.7759999999999999,-0.01859525599536927,-0.266,0.004,0.812,0.0
-0.28905904939401644,-0.0005034028349253233,0.7759999999999999,-0.01813506175900358,-0.267,0.004,0.811,0.0
-0.28906007460555366,-0.0005602224240097613,0.7759999999999999,-0.017947575218262,-0.267,0.003,0.81,0.0
-0.506609921984186,0.487351377381068,0.8979999999999999,-0.004525243324262642,0.011,0.319,0.589,0.0
-0.5076094197098596,0.4874598676352445,0.8979999999999999,-0.004734035153724854,0.011,0.32,0.589,-0.040000000000000036
-0.507605365330743,0.4882037976691989,0.8989999999999999,-0.006165750555751453,0.011,0.32,0.589,0.0
-0.5076034363995017,0.4885026963655266,0.8989999999999999,-0.006740993351208568,0.012,0.321,0.589,0.040000000000000036
-0.507601864953111,0.48972853017273205,0.8999999999999999,-0.0071756212411095,0.012,0.321,0.589,0.0
-0.5085986583596155,0.4911514131193614,0.9009999999999999,-0.007989483270237714,0.013,0.322,0.589,0.039999999999999966
-0.5095988347820181,0.4891292727167289,0.8989999999999999,-0.007946872692796446,0.013,0.321,0.589,0.0
-0.5096018490609117,0.4887307442262487,0.8989999999999999,-0.007179882298853626,0.013,0.321,0.589,0.0
-0.5105976529598577,0.49027539923367014,0.8999999999999999,-0.008228102503908815,0.013,0.317,0.588,0.0
-0.5115952632275796,0.4905565811155029,0.8999999999999999,-0.008769256837412916,0.013,0.315,0.587,0.0
-0.5125931929591412,0.4907868393042509,0.8999999999999999,-0.0092124068428021,0.013,0.311,0.587,0.0
-0.5135898086837357,0.4921410808201093,0.8999999999999999,-0.009894176081862386,0.012,0.301,0.585,-0.039999999999999966
-0.5145871580442153,0.49340233241624737,0.8999999999999999,-0.010396980895669346,0.012,0.294,0.584,0.0
-0.5145845688074122,0.49364587081108585,0.8999999999999999,-0.01086569724752329,0.012,0.287,0.583,0.0
-0.5165804453021958,0.4950133900232653,0.8999999999999999,-0.011573032833048337,0.018,0.274,0.578,0.23999999999999994
-0.5165800856500519,0.4950443854844691,0.8999999999999999,-0.011632687641466112,0.019,0.265,0.577,0.040000000000000036
-0.5175801371421352,0.4960399575627543,0.9009999999999999,-0.011624165525977859,0.02,0.255,0.576,0.040000000000000036
-0.5185573912600239,0.49775352739587053,0.9009999999999999,-0.014922224219931987,0.021,0.244,0.574,0.040000000000000036
-0.5185562625077706,0.49782879869178626,0.9019999999999999,-0.015067100183232299,0.017,0.219,0.577,-0.16
-0.5195532903930149,0.49902361774959386,0.9019999999999999,-0.015442073264715453,0.017,0.197,0.578,0.0
-0.5175558615210079,0.4978553649923707,0.8979999999999999,-0.01511823287616182,0.018,0.171,0.577,0.0
-0.5175596160494668,0.4976029843174016,0.8979999999999999,-0.014632472293331367,0.019,0.157,0.577,0.040000000000000036
-0.5175627456319922,0.4983860240553183,0.8979999999999999,-0.014214888634406942,0.02,0.142,0.577,0.040000000000000036
-0.5185658456918989,0.49816463470540834,0.8969999999999999,-0.013788782859994263,0.022,0.127,0.576,0.07999999999999993
-0.5185741354672846,0.4985358819927966,0.8969999999999999,-0.012578642460662256,0.023,0.099,0.577,0.040000000000000036
-0.5185754613886332,0.49942961295793836,0.8969999999999999,-0.012374111688944171,0.026,0.086,0.576,0.11999999999999997
-0.5185790478839821,0.49913294382615,0.8979999999999999,-0.011803129951231183,0.027,0.059,0.577,0.07999999999999993
-0.5185857126938701,0.49953959966090444,0.8979999999999999,-0.010661166475805206,0.028,0.045,0.578,0.040000000000000036
-0.5195899836333859,0.5001233687997012,0.8979999999999999,-0.009860087619909372,0.03,0.033,0.577,0.07999999999999993
-0.5195937200923961,0.5007292748434271,0.8979999999999999,-0.009101619341454805,0.031,0.014,0.578,0.0
-0.5195966179746573,0.5003993851045413,0.8989999999999999,-0.008466721737579914,0.035,0.0,0.576,0.16000000000000014
-0.5195944394407961,0.5016495701096847,0.8989999999999999,-0.00894822126266624,0.036,-0.006,0.576,0.03999999999999976
-0.5195943997977545,0.5026539981533358,0.8999999999999999,-0.008956743378154493,0.038,-0.033,0.576,0.040000000000000036
-0.5205977439305461,0.5032643290546858,0.8999999999999999,-0.00820679721518818,0.039,-0.044,0.577,0.040000000000000036
-0.5205912765104,0.5059905284582951,0.9009999999999999,-0.009604424155261764,0.041,-0.049,0.576,0.08000000000000007
-0.5215902449257819,0.5060968007579327,0.9009999999999999,-0.00980895492697985,0.042,-0.057,0.576,0.040000000000000036
-0.5215895891476139,0.507163220837216,0.9009999999999999,-0.009936786659303653,0.045,-0.071,0.575,0.11999999999999983
-0.5215893686680932,0.508185360844948,0.9019999999999999,-0.009979397236744922,0.045,-0.076,0.575,0.0
-0.5225899399525773,0.5081277968053622,0.9019999999999999,-0.009868609735397625,0.046,-0.087,0.576,0.040000000000000036
-0.5225916577508276,0.5089506762918691,0.9029999999999999,-0.009527725115867483,0.046,-0.092,0.578,0.0
-0.5225940012918426,0.5096982785712033,0.9029999999999999,-0.00904196453303703,0.047,-0.095,0.579,0.040000000000000036
-0.5245914039301673,0.5109772444060702,0.9009999999999999,-0.009578857808797003,0.046,-0.099,0.586,-0.08000000000000007
-0.5235847129818914,0.5136325869301382,0.8999999999999999,-0.01084013090105853,0.046,-0.099,0.586,-0.08000000000000007
-0.523586089159193,0.5135041758924606,0.8989999999999999,-0.010592989551899178,0.044,-0.103,0.594,-0.040000000000000036
-0.523583059117826,0.5147831373632051,0.8989999999999999,-0.011129882827659152,0.043,-0.104,0.599,-0.040000000000000036
-0.5235845688074122,0.5146458708110859,0.8989999999999999,-0.01086569724752329,0.041,-0.104,0.605,-0.0799999999999998
-0.5235872500473453,0.515393476451929,0.8979999999999999,-0.010379936664692838,0.038,-0.105,0.617,-0.08000000000000007
-0.5235897209824949,0.5151499368280744,0.8979999999999999,-0.009911220312838892,0.037,-0.105,0.624,-0.040000000000000036
-0.5235887463065578,0.5162473528163823,0.8979999999999999,-0.010098706853580471,0.035,-0.105,0.63,-0.0799999999999998
-0.5235883423113343,0.5162872047586307,0.8979999999999999,-0.010175405892974753,0.03,-0.103,0.644,-0.08000000000000007
-0.5235916577508276,0.5159506762918691,0.8979999999999999,-0.009527725115867483,0.028,-0.104,0.65,-0.07999999999999993
-0.5235942408482251,0.5156717103245568,0.8989999999999999,-0.008990831840107507,0.026,-0.103,0.657,-0.08000000000000007
-0.5225967489657593,0.5153838868842368,0.8999999999999999,-0.008436894333371026,0.023,-0.102,0.664,-0.11999999999999997
-0.522598123431918,0.5152178342818727,0.8999999999999999,-0.008117315002561519,0.018,-0.101,0.677,-0.1200000000000001
-0.5225977075705731,0.5162687571265121,0.8999999999999999,-0.008215319330676433,0.013,-0.099,0.69,-0.12000000000000004
-0.5235975252046604,0.5162908974809868,0.8999999999999999,-0.008257929908117701,0.011,-0.097,0.696,-0.08
-0.5236027552137229,0.5156023290116186,0.8989999999999999,-0.0069327409496942735,0.01,-0.099,0.701,-0.039999999999999966
-0.5236021022039977,0.5156953193618808,0.8989999999999999,-0.0071117053749475976,0.006,-0.099,0.712,-0.08
-0.5236015935026677,0.5157661690732758,0.8999999999999999,-0.007248059222759654,0.004,-0.099,0.718,-0.08
-0.5226011078213599,0.5158325906141391,0.8999999999999999,-0.007375890955083458,0.002,-0.098,0.724,-0.08
-0.5226020391446473,0.5157041755795896,0.8999999999999999,-0.0071287496059241045,0.0,-0.098,0.729,-0.08
-0.5226042574173302,0.5153787088931765,0.8999999999999999,-0.006502374117537468,-0.003,-0.097,0.738,-0.08
-0.5226051318908539,0.5142414368246796,0.8999999999999999,-0.006238188537401607,-0.004,-0.097,0.743,-0.04
-0.5226056364752253,0.5141595162883019,0.8999999999999999,-0.0060805294008689165,-0.004,-0.1,0.746,0.0
-0.5226070975476089,0.5129093260645203,0.9009999999999999,-0.00559902987578259,-0.006,-0.102,0.754,-0.04
-0.5226079539416812,0.5127521265486462,0.9009999999999999,-0.005296494775949589,-0.006,-0.102,0.758,0.0
-0.5226060361162392,0.5140930941740322,0.8999999999999999,-0.005952697668545113,-0.007,-0.103,0.762,-0.04
-0.522605173284248,0.5132347946220015,0.8999999999999999,-0.006225405364169228,-0.009,-0.104,0.768,-0.07999999999999996
-0.5226041419404446,0.5133964214011696,0.8999999999999999,-0.006536462579490482,-0.01,-0.106,0.776,-0.040000000000000036
-0.5226027705587377,0.513600114954242,0.8999999999999999,-0.006928479891950146,-0.01,-0.107,0.784,0.0
-0.5216032114602779,0.5135359072620476,0.8999999999999999,-0.006804909217370469,-0.01,-0.109,0.786,0.0
-0.5216005637650746,0.5139056542367114,0.8989999999999999,-0.007516505860639643,-0.01,-0.11,0.788,0.0
-0.5216026475344608,0.5126178274114217,0.8999999999999999,-0.00696256835390316,-0.01,-0.111,0.792,0.0
-0.5216040984809474,0.5124030635906506,0.8999999999999999,-0.006549245752722863,-0.01,-0.112,0.798,0.0
-0.5226083813817822,0.5116702055734276,0.8999999999999999,-0.005138835639416898,-0.009,-0.113,0.802,0.040000000000000036
-0.5226089928968625,0.5115484310287565,0.8999999999999999,-0.004904477463489925,-0.009,-0.114,0.808,0.0
-0.5226094824298696,0.5114465831199914,0.8999999999999999,-0.004708468807260093,-0.009,-0.114,0.808,0.0
-0.522609057881115,0.5115351465243865,0.9009999999999999,-0.004878911117025164,-0.009,-0.115,0.814,0.0
-0.5226088289503229,0.5115816422823749,0.9009999999999999,-0.0049683933296518264,-0.009,-0.115,0.817,0.0
-0.5226091332668137,0.510519647933861,0.9009999999999999,-0.004849083712816276,-0.009,-0.116,0.82,0.0
-0.5226123354005,0.5087380735422604,0.8999999999999999,-0.003344930329139523,-0.008,-0.116,0.837,0.0
-0.5226131843336281,0.5084624180889854,0.8999999999999999,-0.0028144286399957386,-0.007,-0.116,0.844,0.04
-0.5226148240647129,0.5066592512400075,0.8989999999999999,-0.001268729943313749,-0.007,-0.114,0.854,0.0
-0.5216150986299449,0.5063863622557301,0.8999999999999999,-0.0007435545763501233,-0.007,-0.113,0.86,0.0
-0.5216139618225224,0.5071535506500783,0.8989999999999999,-0.0022200110846900527,-0.007,-0.113,0.862,0.0
-0.521614046396429,0.5071148038077274,0.8989999999999999,-0.002145442574167834,-0.007,-0.112,0.865,0.0
-0.521614364977349,0.5059548346382029,0.8999999999999999,-0.0018375811521546745,-0.007,-0.112,0.866,0.0
-0.521614364977349,0.5059548346382029,0.8999999999999999,-0.0018375811521546745,-0.007,-0.111,0.868,0.0
-0.520614753169832,0.505712943374066,0.9009999999999999,-0.0013720605936088236,-0.007,-0.11,0.87,0.0
-0.5206148155949352,0.5056658935662637,0.9009999999999999,-0.0012815131165461295,-0.007,-0.109,0.872,0.0
-0.5206148591139913,0.5056310213522305,0.9009999999999999,-0.0012144014570761325,-0.007,-0.108,0.875,0.0
-0.5206147779113823,0.5056946769787687,0.9009999999999999,-0.0013369068672197777,-0.007,-0.108,0.875,0.0
-0.5206146816163117,0.5057633143382834,0.9009999999999999,-0.001468999657287708,-0.008,-0.107,0.878,0.0
-0.5206127900648733,0.506596371196782,0.8999999999999999,-0.0030722226335154093,-0.007,-0.106,0.881,0.0
-0.5206130449586455,0.5055111283217155,0.8989999999999999,-0.002908171910366528,-0.007,-0.106,0.883,0.0
-0.5206134841130026,0.5053517129674795,0.8989999999999999,-0.0026013757527893998,-0.007,-0.105,0.884,0.0
-0.5206132889049697,0.5054247783548695,0.8979999999999999,-0.002741990658345584,-0.007,-0.105,0.886,0.0
-0.520613749711444,0.5042454359930467,0.8979999999999999,-0.0023968449810713144,-0.007,-0.104,0.889,0.0
-0.520613825669333,0.5042133314799035,0.8969999999999999,-0.002335059643781476,-0.007,-0.104,0.891,0.0
-0.5206140992396446,0.5040898951200721,0.8969999999999999,-0.002097505674546408,-0.007,-0.103,0.893,0.0
-0.5196147470751773,0.5047173715909761,0.8979999999999999,-0.001380582709097077,-0.007,-0.103,0.895,0.0
-0.5196151736331771,0.5042670770735806,0.8979999999999999,-0.000513990090385293,-0.006,-0.103,0.896,0.04
-0.5196151233891904,0.5033514900233315,0.8989999999999999,-0.0006764429168801265,-0.006,-0.102,0.899,0.0
-0.5196152082888699,0.5028120773709919,0.8989999999999999,0.00036165727603276054,-0.006,-0.102,0.899,0.0
-0.519614866472568,0.5023750674473411,0.8989999999999999,0.001202683548279784,-0.006,-0.102,0.901,0.0
-0.5196141108204271,0.5019156401441935,0.8989999999999999,0.002086853030186091,-0.005,-0.101,0.903,0.04
-0.5196133789095403,0.5016084331814478,0.9009999999999999,0.002678074792183682,-0.005,-0.101,0.904,0.0
-0.5196139346454239,0.5018342717722117,0.9009999999999999,0.00224344690228275,-0.005,-0.101,0.905,0.0
-0.5196144141098892,0.5020722881715551,0.9019999999999999,0.0017853831947891214,-0.005,-0.101,0.906,0.0
-0.5196135946339598,0.5016914620468155,0.9019999999999999,0.0025182851267789275,-0.005,-0.101,0.909,0.0
-0.519614047583695,0.5018857497186373,0.9019999999999999,0.0021443773097318025,-0.005,-0.101,0.91,0.0
-0.5196144666161305,0.5011021786178869,0.9019999999999999,0.0017278589152434098,-0.005,-0.1,0.912,0.0
-0.5196147882138018,0.5013130724013152,0.9019999999999999,0.001321993165115334,-0.005,-0.1,0.912,0.0
-0.5196143710696436,0.5010484865220374,0.9009999999999999,0.0018311895655384843,-0.004,-0.1,0.916,0.0
-0.5196150058432174,0.5005043160753407,0.8999999999999999,0.0009539443024663831,-0.004,-0.1,0.917,0.0
-0.51961512618083,0.500652661433015,0.8999999999999999,0.0006684534336098888,-0.004,-0.1,0.918,0.0
-0.5196149300961458,0.5014304201745509,0.8999999999999999,0.0010961571046766145,-0.003,-0.1,0.92,0.0
-0.5196152416434149,0.500974468537707,0.8989999999999999,4.913532211196194e-05,-0.003,-0.1,0.921,0.0
-0.5196151148152635,0.5006360556077649,0.8979999999999999,0.0007004113666908397,-0.003,-0.099,0.921,0.0
-0.5196146461065182,0.5002128839997728,0.8979999999999999,0.0015148060280370708,-0.002,-0.099,0.921,0.04
-0.5196132675984639,0.499567472287489,0.8969999999999999,0.0027569043604500276,-0.002,-0.099,0.922,0.0
-0.5196137603063246,0.49975899221538284,0.8969999999999999,0.002388322865583061,-0.002,-0.099,0.922,0.0
-0.519613932160627,0.4988331647197243,0.8979999999999999,0.0022455774311548136,-0.002,-0.099,0.922,0.0
-0.5196136608637506,0.49871803129089093,0.8979999999999999,0.0023755396923506806,-0.001,-0.099,0.922,0.04
-0.5196136663215761,0.49872024539471616,0.8989999999999999,0.0024628913761052793,-0.001,-0.099,0.923,0.0
-0.5196134841130026,0.49864828703252057,0.8989999999999999,0.0026013757527893998,0.0,-0.099,0.923,0.04
-0.5196139716343454,0.4988508775601555,0.8999999999999999,0.0022114889692017993,0.0,-0.099,0.923,0.0
-0.5196142516861477,0.4989853844842743,0.9009999999999999,0.0019526297112460974,0.0,-0.099,0.924,0.0
-0.5196144415499812,0.499087786921128,0.9009999999999999,0.0017555557905802337,0.0,-0.099,0.924,0.0
-0.5196146677078693,0.4992272757021493,0.9019999999999999,0.0014871091527002467,0.0,-0.099,0.924,0.0
-0.5196147756886849,0.49930366243980484,0.9019999999999999,0.0013401026605278725,0.0,-0.099,0.925,0.0
-0.5196148783599758,0.4993850309377337,0.9019999999999999,0.0011835087884312135,0.0,-0.099,0.925,0.0
-0.5196150396537121,0.4995411256477329,0.9019999999999999,0.0008831042174702753,0.0,-0.099,0.926,0.0
-0.5196150667862373,0.49957295347534864,0.9019999999999999,0.000821851512398453,0.0,-0.099,0.926,0.0
-0.5196150624379132,0.49956769496458536,0.9019999999999999,0.000831971524540754,0.0,-0.099,0.927,0.0
-0.5196150598961391,0.49956465056363736,0.9019999999999999,0.0008378304789389284,0.001,-0.099,0.928,0.0
-0.5216148482832421,0.5006398777878159,0.8979999999999999,-0.0012314456880526397,0.001,-0.099,0.928,0.0
-0.5226142046651598,0.5010384171577124,0.8979999999999999,-0.0019984360819954605,0.001,-0.099,0.928,0.0
-0.5226145090578809,0.5008729126745631,0.8969999999999999,-0.0016799220156219835,0.001,-0.099,0.928,0.0
-0.5236152228355245,0.49985788178071255,0.8959999999999999,0.00027350664395113777,0.001,-0.099,0.928,0.0
-0.5206152139835017,0.4988285448172374,0.8909999999999999,0.00032996565906081763,0.001,-0.099,0.928,0.0
-0.5216152410536004,0.49903556415071443,0.8909999999999999,-6.844324001503642e-05,0.001,-0.099,0.928,0.0
-0.5216152239727584,0.4988621024287992,0.8899999999999999,0.0002653840026263961,0.001,-0.099,0.927,0.0
-0.5216151889549308,0.4987646123799866,0.8899999999999999,0.00045300370142247837,0.001,-0.099,0.927,0.0
-0.520614819134328,0.49833687406966326,0.8909999999999999,0.001276186794365971,0.002,-0.1,0.926,0.0
-0.5206142057710538,0.497962136368821,0.8919999999999999,0.0019973708175594286,0.002,-0.1,0.926,0.0
-0.5206149711242152,0.4984691670874809,0.8939999999999999,0.0010215885941543957,0.001,-0.1,0.925,0.0
-0.5206149110034705,0.4995867391716048,0.8949999999999999,-0.001129180302193597,0.001,-0.1,0.925,0.0
-0.5206121511212236,0.5007923189377503,0.8969999999999999,-0.003449326243870629,0.001,-0.1,0.925,0.0
-0.520611597552357,0.5009461986248502,0.8999999999999999,-0.003745469757087441,0.001,-0.1,0.925,0.0
-0.5206112799363781,0.5010292271629644,0.9009999999999999,-0.0039052594224921948,0.001,-0.1,0.925,0.0
-0.5206124924496562,0.5006904704244707,0.9029999999999999,-0.003253317587640797,0.001,-0.1,0.926,0.0
-0.5206117696222337,0.5008997026216652,0.9039999999999999,-0.003655987544460778,0.0,-0.1,0.926,-0.04
-0.5206099519997958,0.5013447351172301,0.9039999999999999,-0.0045124601510302615,0.0,-0.1,0.928,0.0
-0.5206096377439846,0.5014133718248811,0.9039999999999999,-0.004644552941098191,0.0,-0.1,0.929,0.0
-0.520610396826908,0.5012439940693432,0.9039999999999999,-0.004318582023672493,0.0,-0.1,0.93,0.0
-0.5206078716217494,0.5017676251038921,0.9039999999999999,-0.005326322180158476,0.0,-0.1,0.931,0.0
-0.5216054606605713,0.5021882991885153,0.9029999999999999,-0.006135923151542565,0.0,-0.1,0.932,0.0
-0.5216066960194425,0.5019801764643562,0.9019999999999999,-0.005735383723594647,0.0,-0.101,0.932,0.0
-0.5216066324079938,0.5019912468343589,0.9009999999999999,-0.005756689012315281,0.0,-0.101,0.933,0.0
-0.5216073923538811,0.501856188229074,0.8999999999999999,-0.005496764489923547,0.0,-0.101,0.933,0.0
-0.5206134435637702,0.4993672116882989,0.8959999999999999,-0.002631203156998287,0.0,-0.101,0.933,0.0
-0.5206149444884008,0.49855629516993333,0.8959999999999999,-0.0010705907582118537,0.0,-0.101,0.932,0.0
-0.5206151232019017,0.4986482332129129,0.8949999999999999,0.0006769755490981423,-0.001,-0.101,0.931,0.0
-0.5216067846792302,0.496035322055919,0.8939999999999999,0.00570555631938576,-0.001,-0.102,0.93,0.0
-0.5225898086837357,0.49385891917989067,0.8929999999999999,0.009894176081862386,-0.001,-0.102,0.929,0.0
-0.5225628085576752,0.4926184037186715,0.8929999999999999,0.014206366518918687,-0.001,-0.101,0.928,0.0
-0.5224768777439484,0.48900944165607874,0.8939999999999999,0.023077888742190647,-0.001,-0.102,0.927,0.0
-0.5224270747100257,0.4870173658352434,0.8949999999999999,0.026912840711904747,-0.001,-0.102,0.926,0.0
-0.5223679961912722,0.48597238220250094,0.8959999999999999,0.030850058067477894,-0.001,-0.102,0.924,0.0
-0.5222683393623259,0.4830160136985837,0.8969999999999999,0.03654283121363128,-0.002,-0.102,0.923,-0.04
-0.5222132457342692,0.48256460291343917,0.8979999999999999,0.039338085093778445,-0.002,-0.102,0.923,0.0
-0.5221812873605789,0.48176816412525786,0.8989999999999999,0.04087206588166409,-0.001,-0.102,0.922,0.04
-0.5211511061102606,0.4820425633442115,0.9009999999999999,0.04226969282173767,-0.002,-0.102,0.922,0.0
-0.5210683766443137,0.4811668221204794,0.9029999999999999,0.045883069788757176,-0.002,-0.102,0.922,0.0
-0.5200700003107283,0.4812022106610579,0.9029999999999999,0.04581489286485115,-0.002,-0.102,0.923,0.0
-0.5200700003107283,0.4812022106610579,0.9029999999999999,0.04581489286485115,-0.001,-0.102,0.924,0.04
-0.5190202408343311,0.48114060330030206,0.9039999999999999,0.047860200582032005,-0.001,-0.102,0.924,0.0
-0.5189954120897351,0.4806275300806938,0.9039999999999999,0.04884876597866942,0.0,-0.102,0.926,0.04
-0.5190253144898427,0.4812467594299266,0.9039999999999999,0.04765566981031392,0.0,-0.102,0.927,0.0
-0.5190337223326996,0.4804236886115485,0.9029999999999999,0.047314785190783776,0.0,-0.102,0.928,0.0
-0.5180487044606212,0.4807421683213292,0.9019999999999999,0.046701192875629516,0.0,-0.101,0.929,0.0
-0.5170134421859921,0.4789990634125866,0.8999999999999999,0.048132908277656115,0.002,-0.101,0.93,0.04
